"Name" "Date" "Latitude" "Longitude" "Date_Sampling" "Ice_Op" "Ice_Cl" "Ice_Dur" "Ice" "Temperature_MODIS (8D)" "PAR (8D)" "Euphotic layer (8D)" "KD490_Morel (8D)" "KD490_Lee (8D)" "Chlorophyll (8D)" "POC (8D)" "PIC (8D)" "PP (1D)" "BBP (8D)" "CDM (8D)" "TSM (8D)" "Northward_wind (v,1D)" "Eastward_wind (u,1D)" "Surface_downward_northward_stress (v,1D)" "Surface_downward_eastward_stress (u,1D)"
"TARA_186" "2013-01-01" "79.0699" "74.21475" "2013-08-12" "175" "306" "133" "0.00433749997367461" "-1.891016" NA NA NA NA NA NA NA NA NA NA NA "6.55333333333333" "-3.73666666666667" "0.11755" "-0.0668"
"TARA_186" "2013-01-02" "79.0699" "74.21475" "2013-08-12" "175" "306" "133" "0.0125960403090964" "-1.891016" NA NA NA NA NA NA NA NA NA NA NA "6.31" "-11.61" "0.20795" "-0.3914"
"TARA_186" "2013-01-03" "79.0699" "74.21475" "2013-08-12" "175" "306" "133" "0.00200335897505283" "-1.891016" NA NA NA NA NA NA NA NA NA NA NA "10.59" "-11.0725" "0.429375" "-0.4487"
"TARA_186" "2013-01-04" "79.0699" "74.21475" "2013-08-12" "175" "306" "133" "0.0308441197872162" "-1.891016" NA NA NA NA NA NA NA NA NA NA NA "11.99" "-11.25" "0.5633" "-0.5314"
"TARA_186" "2013-01-05" "79.0699" "74.21475" "2013-08-12" "175" "306" "133" "0.265910017192364" "-1.891016" NA NA NA NA NA NA NA NA NA NA NA "8.28" "-8.27" "0.292625" "-0.28665"
"TARA_186" "2013-01-06" "79.0699" "74.21475" "2013-08-12" "175" "306" "133" "0.585498068332672" "-1.891016" NA NA NA NA NA NA NA NA NA NA NA "6.3775" "-8.065" "0.182466666666667" "-0.24015"
"TARA_186" "2013-01-07" "79.0699" "74.21475" "2013-08-12" "175" "306" "133" "0.659956784248352" "-1.891016" NA NA NA NA NA NA NA NA NA NA NA "12.2025" "-1.9625" "0.390833333333333" "-0.0652"
"TARA_186" "2013-01-08" "79.0699" "74.21475" "2013-08-12" "175" "306" "133" "0.603512544631958" "-1.891016" NA NA NA NA NA NA NA NA NA NA NA "15.23" "-3.54" "0.639" "-0.14545"
"TARA_186" "2013-01-09" "79.0699" "74.21475" "2013-08-12" "175" "306" "133" "0.483940806388855" NA NA NA NA NA NA NA NA NA NA NA NA "3.0975" "-12.0425" "0.102" "-0.4024"
"TARA_186" "2013-01-10" "79.0699" "74.21475" "2013-08-12" "175" "306" "133" "0.757197493314743" NA NA NA NA NA NA NA NA NA NA NA NA "-5.51666666666667" "-0.7625" "-0.3885" "-0.0472"
"TARA_186" "2013-01-11" "79.0699" "74.21475" "2013-08-12" "175" "306" "133" "0.85377062479655" NA NA NA NA NA NA NA NA NA NA NA NA "-10.57" "-3.9" "-0.3792" "-0.1408"
"TARA_186" "2013-01-12" "79.0699" "74.21475" "2013-08-12" "175" "306" "133" "0.78158728202184" NA NA NA NA NA NA NA NA NA NA NA NA "4.8025" "-6.1675" "0.12845" "-0.1507"
"TARA_186" "2013-01-13" "79.0699" "74.21475" "2013-08-12" "175" "306" "133" "0.862890758514404" NA NA NA NA NA NA NA NA NA NA NA NA "5.135" "-10.9125" "0.125925" "-0.23835"
"TARA_186" "2013-01-14" "79.0699" "74.21475" "2013-08-12" "175" "306" "133" "0.84251966714859" NA NA NA NA NA NA NA NA NA NA NA NA "0.36" "-11.04" "0.0091" "-0.2774"
"TARA_186" "2013-01-15" "79.0699" "74.21475" "2013-08-12" "175" "306" "133" "0.847291172345479" NA NA NA NA NA NA NA NA NA NA NA NA NA NA NA NA
"TARA_186" "2013-01-16" "79.0699" "74.21475" "2013-08-12" "175" "306" "133" "0.885607341130574" NA NA NA NA NA NA NA NA NA NA NA NA NA NA NA NA
"TARA_186" "2013-01-17" "79.0699" "74.21475" "2013-08-12" "175" "306" "133" "0.884306569099426" NA NA NA NA NA NA NA NA NA NA NA NA NA NA NA NA
"TARA_186" "2013-01-18" "79.0699" "74.21475" "2013-08-12" "175" "306" "133" "0.911375110944112" NA NA NA NA NA NA NA NA NA NA NA NA NA NA NA NA
"TARA_186" "2013-01-19" "79.0699" "74.21475" "2013-08-12" "175" "306" "133" "0.921602590084076" NA NA NA NA NA NA NA NA NA NA NA NA NA NA NA NA
"TARA_186" "2013-01-20" "79.0699" "74.21475" "2013-08-12" "175" "306" "133" "0.921837944984436" NA NA NA NA NA NA NA NA NA NA NA NA NA NA NA NA
"TARA_186" "2013-01-21" "79.0699" "74.21475" "2013-08-12" "175" "306" "133" "0.888012301127116" NA NA NA NA NA NA NA NA NA NA NA NA NA NA NA NA
"TARA_186" "2013-01-22" "79.0699" "74.21475" "2013-08-12" "175" "306" "133" "0.786010956764221" NA NA NA NA NA NA NA NA NA NA NA NA NA NA NA NA
"TARA_186" "2013-01-23" "79.0699" "74.21475" "2013-08-12" "175" "306" "133" "0.730633983612061" NA NA NA NA NA NA NA NA NA NA NA NA NA NA NA NA
"TARA_186" "2013-01-24" "79.0699" "74.21475" "2013-08-12" "175" "306" "133" "0.792010989189148" NA NA NA NA NA NA NA NA NA NA NA NA NA NA NA NA
"TARA_186" "2013-01-25" "79.0699" "74.21475" "2013-08-12" "175" "306" "133" "0.806552028656006" NA NA NA NA NA NA NA NA NA NA NA NA NA NA NA NA
"TARA_186" "2013-01-26" "79.0699" "74.21475" "2013-08-12" "175" "306" "133" "0.881636481285095" NA NA NA NA NA NA NA NA NA NA NA NA NA NA NA NA
"TARA_186" "2013-01-27" "79.0699" "74.21475" "2013-08-12" "175" "306" "133" "0.912941098213196" NA NA NA NA NA NA NA NA NA NA NA NA NA NA NA NA
"TARA_186" "2013-01-28" "79.0699" "74.21475" "2013-08-12" "175" "306" "133" "0.965605282783508" NA NA NA NA NA NA NA NA NA NA NA NA NA NA NA NA
"TARA_186" "2013-01-29" "79.0699" "74.21475" "2013-08-12" "175" "306" "133" "0.98737847328186" NA NA NA NA NA NA NA NA NA NA NA NA NA NA NA NA
"TARA_186" "2013-01-30" "79.0699" "74.21475" "2013-08-12" "175" "306" "133" "0.985665073394775" NA NA NA NA NA NA NA NA NA NA NA NA NA NA NA NA
"TARA_186" "2013-01-31" "79.0699" "74.21475" "2013-08-12" "175" "306" "133" "0.993992056846619" NA NA NA NA NA NA NA NA NA NA NA NA NA NA NA NA
"TARA_186" "2013-02-01" "79.0699" "74.21475" "2013-08-12" "175" "306" "133" "0.996416308085124" NA NA NA NA NA NA NA NA NA NA NA NA NA NA NA NA
"TARA_186" "2013-02-02" "79.0699" "74.21475" "2013-08-12" "175" "306" "133" "0.995367016792297" NA NA NA NA NA NA NA NA NA NA NA NA NA NA NA NA
"TARA_186" "2013-02-03" "79.0699" "74.21475" "2013-08-12" "175" "306" "133" "0.994118037223816" NA NA NA NA NA NA NA NA NA NA NA NA NA NA NA NA
"TARA_186" "2013-02-04" "79.0699" "74.21475" "2013-08-12" "175" "306" "133" "0.996138593355815" NA NA NA NA NA NA NA NA NA NA NA NA NA NA NA NA
"TARA_186" "2013-02-05" "79.0699" "74.21475" "2013-08-12" "175" "306" "133" "0.985705552101135" NA NA NA NA NA NA NA NA NA NA NA NA NA NA NA NA
"TARA_186" "2013-02-06" "79.0699" "74.21475" "2013-08-12" "175" "306" "133" "0.982631340026855" NA NA NA NA NA NA NA NA NA NA NA NA NA NA NA NA
"TARA_186" "2013-02-07" "79.0699" "74.21475" "2013-08-12" "175" "306" "133" "0.985982769330343" NA NA NA NA NA NA NA NA NA NA NA NA NA NA NA NA
"TARA_186" "2013-02-08" "79.0699" "74.21475" "2013-08-12" "175" "306" "133" "0.990593291918437" NA NA NA NA NA NA NA NA NA NA NA NA NA NA NA NA
"TARA_186" "2013-02-09" "79.0699" "74.21475" "2013-08-12" "175" "306" "133" "0.990930121739705" NA NA NA NA NA NA NA NA NA NA NA NA NA NA NA NA
"TARA_186" "2013-02-10" "79.0699" "74.21475" "2013-08-12" "175" "306" "133" "0.991918972333272" NA NA NA NA NA NA NA NA NA NA NA NA NA NA NA NA
"TARA_186" "2013-02-11" "79.0699" "74.21475" "2013-08-12" "175" "306" "133" "0.953462726275126" NA NA NA NA NA NA NA NA NA NA NA NA NA NA NA NA
"TARA_186" "2013-02-12" "79.0699" "74.21475" "2013-08-12" "175" "306" "133" "0.953287903467814" NA NA NA NA NA NA NA NA NA NA NA NA NA NA NA NA
"TARA_186" "2013-02-13" "79.0699" "74.21475" "2013-08-12" "175" "306" "133" "0.921194767951965" NA NA NA NA NA NA NA NA NA NA NA NA NA NA NA NA
"TARA_186" "2013-02-14" "79.0699" "74.21475" "2013-08-12" "175" "306" "133" "0.992999413808187" NA NA NA NA NA NA NA NA NA NA NA NA NA NA NA NA
"TARA_186" "2013-02-15" "79.0699" "74.21475" "2013-08-12" "175" "306" "133" "0.996594581604004" NA NA NA NA NA NA NA NA NA NA NA NA NA NA NA NA
"TARA_186" "2013-02-16" "79.0699" "74.21475" "2013-08-12" "175" "306" "133" "0.978747256596883" NA NA NA NA NA NA NA NA NA NA NA NA NA NA NA NA
"TARA_186" "2013-02-17" "79.0699" "74.21475" "2013-08-12" "175" "306" "133" "0.955871311823527" NA NA NA NA NA NA NA NA NA NA NA NA NA NA NA NA
"TARA_186" "2013-02-18" "79.0699" "74.21475" "2013-08-12" "175" "306" "133" "0.984035792350769" NA NA NA NA NA NA NA NA NA NA NA NA NA NA NA NA
"TARA_186" "2013-02-19" "79.0699" "74.21475" "2013-08-12" "175" "306" "133" "0.968006714185079" NA NA NA NA NA NA NA NA NA NA NA NA NA NA NA NA
"TARA_186" "2013-02-20" "79.0699" "74.21475" "2013-08-12" "175" "306" "133" "0.991676349639893" NA NA NA NA NA NA NA NA NA NA NA NA NA NA NA NA
"TARA_186" "2013-02-21" "79.0699" "74.21475" "2013-08-12" "175" "306" "133" "0.992047867774963" NA NA NA NA NA NA NA NA NA NA NA NA NA NA NA NA
"TARA_186" "2013-02-22" "79.0699" "74.21475" "2013-08-12" "175" "306" "133" "0.96726461092631" NA NA NA NA NA NA NA NA NA NA NA NA NA NA NA NA
"TARA_186" "2013-02-23" "79.0699" "74.21475" "2013-08-12" "175" "306" "133" "0.987132652600606" NA NA NA NA NA NA NA NA NA NA NA NA NA NA NA NA
"TARA_186" "2013-02-24" "79.0699" "74.21475" "2013-08-12" "175" "306" "133" "0.998051309585571" NA NA NA NA NA NA NA NA NA NA NA NA NA NA NA NA
"TARA_186" "2013-02-25" "79.0699" "74.21475" "2013-08-12" "175" "306" "133" "0.999997806549072" NA NA NA NA NA NA NA NA NA NA NA NA NA NA NA NA
"TARA_186" "2013-02-26" "79.0699" "74.21475" "2013-08-12" "175" "306" "133" "0.999662976264954" NA NA NA NA NA NA NA NA NA NA NA NA NA NA NA NA
"TARA_186" "2013-02-27" "79.0699" "74.21475" "2013-08-12" "175" "306" "133" "0.997061642011007" NA NA NA NA NA NA NA NA NA NA NA NA NA NA NA NA
"TARA_186" "2013-02-28" "79.0699" "74.21475" "2013-08-12" "175" "306" "133" "0.98970711072286" NA NA NA NA NA NA NA NA NA NA NA NA NA NA NA NA
"TARA_186" "2013-03-01" "79.0699" "74.21475" "2013-08-12" "175" "306" "133" "0.969322597185771" NA NA NA NA NA NA NA NA NA NA NA NA NA NA NA NA
"TARA_186" "2013-03-02" "79.0699" "74.21475" "2013-08-12" "175" "306" "133" "0.976914445559184" NA NA NA NA NA NA NA NA NA NA NA NA NA NA NA NA
"TARA_186" "2013-03-03" "79.0699" "74.21475" "2013-08-12" "175" "306" "133" "0.993052725791931" NA NA NA NA NA NA NA NA NA NA NA NA NA NA NA NA
"TARA_186" "2013-03-04" "79.0699" "74.21475" "2013-08-12" "175" "306" "133" "0.984520683288574" NA NA NA NA NA NA NA NA NA NA NA NA NA NA NA NA
"TARA_186" "2013-03-05" "79.0699" "74.21475" "2013-08-12" "175" "306" "133" "0.965389501253764" NA NA NA NA NA NA NA NA NA NA NA NA NA NA NA NA
"TARA_186" "2013-03-06" "79.0699" "74.21475" "2013-08-12" "175" "306" "133" "0.994982391993205" NA NA NA NA NA NA NA NA NA NA NA NA NA NA NA NA
"TARA_186" "2013-03-07" "79.0699" "74.21475" "2013-08-12" "175" "306" "133" "0.999273481369019" NA NA NA NA NA NA NA NA NA NA NA NA NA NA NA NA
"TARA_186" "2013-03-08" "79.0699" "74.21475" "2013-08-12" "175" "306" "133" "0.995273830095927" NA NA NA NA NA NA NA NA NA NA NA NA NA NA NA NA
"TARA_186" "2013-03-09" "79.0699" "74.21475" "2013-08-12" "175" "306" "133" "0.989779837926229" NA NA NA NA NA NA NA NA NA NA NA NA NA NA NA NA
"TARA_186" "2013-03-10" "79.0699" "74.21475" "2013-08-12" "175" "306" "133" "0.968809197743734" NA NA NA NA NA NA NA NA NA NA NA NA NA NA NA NA
"TARA_186" "2013-03-11" "79.0699" "74.21475" "2013-08-12" "175" "306" "133" "0.964660210609436" NA NA NA NA NA NA NA NA NA NA NA NA NA NA NA NA
"TARA_186" "2013-03-12" "79.0699" "74.21475" "2013-08-12" "175" "306" "133" "0.999285360972087" NA NA NA NA NA NA NA NA NA NA NA NA NA NA NA NA
"TARA_186" "2013-03-13" "79.0699" "74.21475" "2013-08-12" "175" "306" "133" "0.999867424964905" NA NA NA NA NA NA NA NA NA NA NA NA NA NA NA NA
"TARA_186" "2013-03-14" "79.0699" "74.21475" "2013-08-12" "175" "306" "133" "1" NA NA NA NA NA NA NA NA NA NA NA NA NA NA NA NA
"TARA_186" "2013-03-15" "79.0699" "74.21475" "2013-08-12" "175" "306" "133" "1" NA NA NA NA NA NA NA NA NA NA NA NA NA NA NA NA
"TARA_186" "2013-03-16" "79.0699" "74.21475" "2013-08-12" "175" "306" "133" "1" NA NA NA NA NA NA NA NA NA NA NA NA NA NA NA NA
"TARA_186" "2013-03-17" "79.0699" "74.21475" "2013-08-12" "175" "306" "133" "1" NA NA NA NA NA NA NA NA NA NA NA NA NA NA NA NA
"TARA_186" "2013-03-18" "79.0699" "74.21475" "2013-08-12" "175" "306" "133" "0.999924802780151" NA NA NA NA NA NA NA NA NA NA NA NA NA NA NA NA
"TARA_186" "2013-03-19" "79.0699" "74.21475" "2013-08-12" "175" "306" "133" "0.978123688697815" NA NA NA NA NA NA NA NA NA NA NA NA NA NA NA NA
"TARA_186" "2013-03-20" "79.0699" "74.21475" "2013-08-12" "175" "306" "133" "0.914477513631185" NA NA NA NA NA NA NA NA NA NA NA NA NA NA NA NA
"TARA_186" "2013-03-21" "79.0699" "74.21475" "2013-08-12" "175" "306" "133" "0.883565759658814" NA NA NA NA NA NA NA NA NA NA NA NA NA NA NA NA
"TARA_186" "2013-03-22" "79.0699" "74.21475" "2013-08-12" "175" "306" "133" "0.907238488992055" NA NA NA NA NA NA NA NA NA NA NA NA NA NA NA NA
"TARA_186" "2013-03-23" "79.0699" "74.21475" "2013-08-12" "175" "306" "133" "0.993794233004252" NA NA NA NA NA NA NA NA NA NA NA NA NA NA NA NA
"TARA_186" "2013-03-24" "79.0699" "74.21475" "2013-08-12" "175" "306" "133" "0.99970808506012" NA NA NA NA NA NA NA NA NA NA NA NA NA NA NA NA
"TARA_186" "2013-03-25" "79.0699" "74.21475" "2013-08-12" "175" "306" "133" "1" NA NA NA NA NA NA NA NA NA NA NA NA NA NA NA NA
"TARA_186" "2013-03-26" "79.0699" "74.21475" "2013-08-12" "175" "306" "133" "0.999885489145915" NA NA NA NA NA NA NA NA NA NA NA NA NA NA NA NA
"TARA_186" "2013-03-27" "79.0699" "74.21475" "2013-08-12" "175" "306" "133" "1" NA NA NA NA NA NA NA NA NA NA NA NA NA NA NA NA
"TARA_186" "2013-03-28" "79.0699" "74.21475" "2013-08-12" "175" "306" "133" "0.999791254997253" NA NA NA NA NA NA NA NA NA NA NA NA NA NA NA NA
"TARA_186" "2013-03-29" "79.0699" "74.21475" "2013-08-12" "175" "306" "133" "0.9928870677948" NA NA NA NA NA NA NA NA NA NA NA NA NA NA NA NA
"TARA_186" "2013-03-30" "79.0699" "74.21475" "2013-08-12" "175" "306" "133" "0.989131228129069" NA NA NA NA NA NA NA NA NA NA NA NA NA NA NA NA
"TARA_186" "2013-03-31" "79.0699" "74.21475" "2013-08-12" "175" "306" "133" "0.987019305229187" NA NA NA NA NA NA NA NA NA NA NA NA NA NA NA NA
"TARA_186" "2013-04-01" "79.0699" "74.21475" "2013-08-12" "175" "306" "133" "0.976710810661316" NA NA NA NA NA NA NA NA NA NA NA NA NA NA NA NA
"TARA_186" "2013-04-02" "79.0699" "74.21475" "2013-08-12" "175" "306" "133" "0.970824537277222" NA NA NA NA NA NA NA NA NA NA NA NA NA NA NA NA
"TARA_186" "2013-04-03" "79.0699" "74.21475" "2013-08-12" "175" "306" "133" "0.982772440910339" NA NA NA NA NA NA NA NA NA NA NA NA NA NA NA NA
"TARA_186" "2013-04-04" "79.0699" "74.21475" "2013-08-12" "175" "306" "133" "0.99586712996165" NA NA NA NA NA NA NA NA NA NA NA NA NA NA NA NA
"TARA_186" "2013-04-05" "79.0699" "74.21475" "2013-08-12" "175" "306" "133" "0.989470343589783" NA NA NA NA NA NA NA NA NA NA NA NA NA NA NA NA
"TARA_186" "2013-04-06" "79.0699" "74.21475" "2013-08-12" "175" "306" "133" "0.990065584182739" NA NA NA NA NA NA NA NA NA NA NA NA NA NA NA NA
"TARA_186" "2013-04-07" "79.0699" "74.21475" "2013-08-12" "175" "306" "133" "0.993670144081116" "-1.788485" NA NA NA NA NA NA NA NA NA NA NA NA NA NA NA
"TARA_186" "2013-04-08" "79.0699" "74.21475" "2013-08-12" "175" "306" "133" "0.992659341494242" "-1.788485" NA NA NA NA NA NA NA NA NA NA NA NA NA NA NA
"TARA_186" "2013-04-09" "79.0699" "74.21475" "2013-08-12" "175" "306" "133" "0.992593539555868" "-1.788485" NA NA NA NA NA NA NA NA NA NA NA NA NA NA NA
"TARA_186" "2013-04-10" "79.0699" "74.21475" "2013-08-12" "175" "306" "133" "0.987003898620606" "-1.788485" NA NA NA NA NA NA NA NA NA NA NA NA NA NA NA
"TARA_186" "2013-04-11" "79.0699" "74.21475" "2013-08-12" "175" "306" "133" "0.995560388565063" "-1.788485" NA NA NA NA NA NA NA NA NA NA NA NA NA NA NA
"TARA_186" "2013-04-12" "79.0699" "74.21475" "2013-08-12" "175" "306" "133" "0.987787798245748" "-1.788485" NA NA NA NA NA NA NA NA NA NA NA NA NA NA NA
"TARA_186" "2013-04-13" "79.0699" "74.21475" "2013-08-12" "175" "306" "133" "0.994103047053019" "-1.788485" NA NA NA NA NA NA NA NA NA NA NA NA NA NA NA
"TARA_186" "2013-04-14" "79.0699" "74.21475" "2013-08-12" "175" "306" "133" "0.983653478622437" "-1.788485" NA NA NA NA NA NA NA NA NA NA NA NA NA NA NA
"TARA_186" "2013-04-15" "79.0699" "74.21475" "2013-08-12" "175" "306" "133" "0.993374075889587" NA NA NA NA NA NA NA NA NA NA NA NA NA NA NA NA
"TARA_186" "2013-04-16" "79.0699" "74.21475" "2013-08-12" "175" "306" "133" "0.971759235064189" NA NA NA NA NA NA NA NA NA NA NA NA NA NA NA NA
"TARA_186" "2013-04-17" "79.0699" "74.21475" "2013-08-12" "175" "306" "133" "0.941834141413371" NA NA NA NA NA NA NA NA NA NA NA NA NA NA NA NA
"TARA_186" "2013-04-18" "79.0699" "74.21475" "2013-08-12" "175" "306" "133" "0.970711741447449" NA NA NA NA NA NA NA NA NA NA NA NA NA NA NA NA
"TARA_186" "2013-04-19" "79.0699" "74.21475" "2013-08-12" "175" "306" "133" "0.977770716349284" NA NA NA NA NA NA NA NA NA NA NA NA NA NA NA NA
"TARA_186" "2013-04-20" "79.0699" "74.21475" "2013-08-12" "175" "306" "133" "0.917482296625773" NA NA NA NA NA NA NA NA NA NA NA NA NA NA NA NA
"TARA_186" "2013-04-21" "79.0699" "74.21475" "2013-08-12" "175" "306" "133" "0.966761275927226" NA NA NA NA NA NA NA NA NA NA NA NA NA NA NA NA
"TARA_186" "2013-04-22" "79.0699" "74.21475" "2013-08-12" "175" "306" "133" "0.988676171302795" NA NA NA NA NA NA NA NA NA NA NA NA NA NA NA NA
"TARA_186" "2013-04-23" "79.0699" "74.21475" "2013-08-12" "175" "306" "133" "0.984752492904663" "-1.964867" NA NA NA NA NA NA NA NA NA NA NA NA NA NA NA
"TARA_186" "2013-04-24" "79.0699" "74.21475" "2013-08-12" "175" "306" "133" "0.967199740409851" "-1.964867" NA NA NA NA NA NA NA NA NA NA NA NA NA NA NA
"TARA_186" "2013-04-25" "79.0699" "74.21475" "2013-08-12" "175" "306" "133" "0.949637559254964" "-1.964867" NA NA NA NA NA NA NA NA NA NA NA NA NA NA NA
"TARA_186" "2013-04-26" "79.0699" "74.21475" "2013-08-12" "175" "306" "133" "0.95544207572937" "-1.964867" NA NA NA NA NA NA NA NA NA NA NA NA NA NA NA
"TARA_186" "2013-04-27" "79.0699" "74.21475" "2013-08-12" "175" "306" "133" "0.955261623064677" "-1.964867" NA NA NA NA NA NA NA NA NA NA NA NA NA NA NA
"TARA_186" "2013-04-28" "79.0699" "74.21475" "2013-08-12" "175" "306" "133" "0.959926233291626" "-1.964867" NA NA NA NA NA NA NA NA NA NA NA NA NA NA NA
"TARA_186" "2013-04-29" "79.0699" "74.21475" "2013-08-12" "175" "306" "133" "0.960364592870077" "-1.964867" NA NA NA NA NA NA NA NA NA NA NA NA NA NA NA
"TARA_186" "2013-04-30" "79.0699" "74.21475" "2013-08-12" "175" "306" "133" "0.962487529118856" "-1.964867" NA NA NA NA NA NA NA NA NA NA NA NA NA NA NA
"TARA_186" "2013-05-01" "79.0699" "74.21475" "2013-08-12" "175" "306" "133" "0.871846484343211" NA NA NA NA NA NA NA NA NA NA NA NA NA NA NA NA
"TARA_186" "2013-05-02" "79.0699" "74.21475" "2013-08-12" "175" "306" "133" "0.855854272842407" NA NA NA NA NA NA NA NA NA NA NA NA NA NA NA NA
"TARA_186" "2013-05-03" "79.0699" "74.21475" "2013-08-12" "175" "306" "133" "0.867700341542562" NA NA NA NA NA NA NA NA NA NA NA NA NA NA NA NA
"TARA_186" "2013-05-04" "79.0699" "74.21475" "2013-08-12" "175" "306" "133" "0.842803370952606" NA NA NA NA NA NA NA NA NA NA NA NA NA NA NA NA
"TARA_186" "2013-05-05" "79.0699" "74.21475" "2013-08-12" "175" "306" "133" "0.745664219856262" NA NA NA NA NA NA NA NA NA NA NA NA NA NA NA NA
"TARA_186" "2013-05-06" "79.0699" "74.21475" "2013-08-12" "175" "306" "133" "0.821328651110331" NA NA NA NA NA NA NA NA NA NA NA NA NA NA NA NA
"TARA_186" "2013-05-07" "79.0699" "74.21475" "2013-08-12" "175" "306" "133" "0.864429793357849" NA NA NA NA NA NA NA NA NA NA NA NA NA NA NA NA
"TARA_186" "2013-05-08" "79.0699" "74.21475" "2013-08-12" "175" "306" "133" "0.8509925365448" NA NA NA NA NA NA NA NA NA NA NA NA NA NA NA NA
"TARA_186" "2013-05-09" "79.0699" "74.21475" "2013-08-12" "175" "306" "133" "0.680085271596909" "-1.696948" NA NA NA NA NA NA NA NA NA NA NA NA NA NA NA
"TARA_186" "2013-05-10" "79.0699" "74.21475" "2013-08-12" "175" "306" "133" "0.755957601865133" "-1.696948" NA NA NA NA NA NA NA NA NA NA NA NA NA NA NA
"TARA_186" "2013-05-11" "79.0699" "74.21475" "2013-08-12" "175" "306" "133" "0.821025795936584" "-1.696948" NA NA NA NA NA NA NA NA NA NA NA NA NA NA NA
"TARA_186" "2013-05-12" "79.0699" "74.21475" "2013-08-12" "175" "306" "133" "0.894793720245361" "-1.696948" NA NA NA NA NA NA NA NA NA NA NA NA NA NA NA
"TARA_186" "2013-05-13" "79.0699" "74.21475" "2013-08-12" "175" "306" "133" "0.854937748908997" "-1.696948" NA NA NA NA NA NA NA NA NA NA NA "-8.055" "-3.455" "-0.1672" "-0.07185"
"TARA_186" "2013-05-14" "79.0699" "74.21475" "2013-08-12" "175" "306" "133" "0.788378729820251" "-1.696948" NA NA NA NA NA NA NA NA NA NA NA "-6.15" "-4.79" "-0.0799" NA
"TARA_186" "2013-05-15" "79.0699" "74.21475" "2013-08-12" "175" "306" "133" "0.751063695748647" "-1.696948" NA NA NA NA NA NA NA NA NA NA NA NA NA NA NA
"TARA_186" "2013-05-16" "79.0699" "74.21475" "2013-08-12" "175" "306" "133" "0.806886447270711" "-1.696948" NA NA NA NA NA NA NA NA NA NA NA NA NA NA NA
"TARA_186" "2013-05-17" "79.0699" "74.21475" "2013-08-12" "175" "306" "133" "0.822970299720764" "-1.88581775" NA NA NA NA NA NA NA NA NA NA NA NA NA NA NA
"TARA_186" "2013-05-18" "79.0699" "74.21475" "2013-08-12" "175" "306" "133" "0.824087157249451" "-1.88581775" NA NA NA NA NA NA NA NA NA NA NA NA NA NA NA
"TARA_186" "2013-05-19" "79.0699" "74.21475" "2013-08-12" "175" "306" "133" "0.889323971271515" "-1.88581775" NA NA NA NA NA NA NA NA NA NA NA NA NA NA NA
"TARA_186" "2013-05-20" "79.0699" "74.21475" "2013-08-12" "175" "306" "133" "0.847511835892995" "-1.88581775" NA NA NA NA NA NA NA NA NA NA NA NA NA NA NA
"TARA_186" "2013-05-21" "79.0699" "74.21475" "2013-08-12" "175" "306" "133" "0.788656740188599" "-1.88581775" NA NA NA NA NA NA NA NA NA NA NA NA NA NA NA
"TARA_186" "2013-05-22" "79.0699" "74.21475" "2013-08-12" "175" "306" "133" "0.813172405560811" "-1.88581775" NA NA NA NA NA NA NA NA NA NA NA NA NA NA NA
"TARA_186" "2013-05-23" "79.0699" "74.21475" "2013-08-12" "175" "306" "133" "0.832718653678894" "-1.88581775" NA NA NA NA NA NA NA NA NA NA NA NA NA NA NA
"TARA_186" "2013-05-24" "79.0699" "74.21475" "2013-08-12" "175" "306" "133" "0.856423695087433" "-1.88581775" NA NA NA NA NA NA NA NA NA NA NA NA NA NA NA
"TARA_186" "2013-05-25" "79.0699" "74.21475" "2013-08-12" "175" "306" "133" "0.901020878156026" "-1.800674" NA NA NA NA NA NA NA NA NA NA NA NA NA NA NA
"TARA_186" "2013-05-26" "79.0699" "74.21475" "2013-08-12" "175" "306" "133" "0.700486138661702" "-1.800674" NA NA NA NA NA NA NA NA NA NA NA NA NA NA NA
"TARA_186" "2013-05-27" "79.0699" "74.21475" "2013-08-12" "175" "306" "133" "0.627288343111674" "-1.800674" NA NA NA NA NA NA NA NA NA NA NA NA NA NA NA
"TARA_186" "2013-05-28" "79.0699" "74.21475" "2013-08-12" "175" "306" "133" "0.770622545878093" "-1.800674" NA NA NA NA NA NA NA NA NA NA NA NA NA NA NA
"TARA_186" "2013-05-29" "79.0699" "74.21475" "2013-08-12" "175" "306" "133" "0.621669785181681" "-1.800674" NA NA NA NA NA NA NA NA NA NA NA NA NA NA NA
"TARA_186" "2013-05-30" "79.0699" "74.21475" "2013-08-12" "175" "306" "133" "0.728466699123383" "-1.800674" NA NA NA NA NA NA NA NA NA NA NA NA NA NA NA
"TARA_186" "2013-05-31" "79.0699" "74.21475" "2013-08-12" "175" "306" "133" "0.750671796798706" "-1.800674" NA NA NA NA NA NA NA NA NA NA NA NA NA NA NA
"TARA_186" "2013-06-01" "79.0699" "74.21475" "2013-08-12" "175" "306" "133" "0.821333119869232" "-1.800674" NA NA NA NA NA NA NA NA NA NA NA NA NA NA NA
"TARA_186" "2013-06-02" "79.0699" "74.21475" "2013-08-12" "175" "306" "133" "0.787909390528997" "-0.9348965" NA NA NA NA NA NA NA NA NA NA NA NA NA NA NA
"TARA_186" "2013-06-03" "79.0699" "74.21475" "2013-08-12" "175" "306" "133" "0.561126627624035" "-0.9348965" NA NA NA NA NA NA NA NA NA NA NA NA NA NA NA
"TARA_186" "2013-06-04" "79.0699" "74.21475" "2013-08-12" "175" "306" "133" "0.498822572032611" "-0.9348965" NA NA NA NA NA NA NA NA NA NA NA NA NA NA NA
"TARA_186" "2013-06-05" "79.0699" "74.21475" "2013-08-12" "175" "306" "133" "0.808694877624512" "-0.9348965" NA NA NA NA NA NA NA NA NA NA NA NA NA NA NA
"TARA_186" "2013-06-06" "79.0699" "74.21475" "2013-08-12" "175" "306" "133" "0.954427849451701" "-0.9348965" NA NA NA NA NA NA NA NA NA NA NA NA NA NA NA
"TARA_186" "2013-06-07" "79.0699" "74.21475" "2013-08-12" "175" "306" "133" "0.776867432594299" "-0.9348965" NA NA NA NA NA NA NA NA NA NA NA NA NA NA NA
"TARA_186" "2013-06-08" "79.0699" "74.21475" "2013-08-12" "175" "306" "133" "0.750484232902527" "-0.9348965" NA NA NA NA NA NA NA NA NA NA NA NA NA NA NA
"TARA_186" "2013-06-09" "79.0699" "74.21475" "2013-08-12" "175" "306" "133" "0.696227738857269" "-0.9348965" NA NA NA NA NA NA NA NA NA NA NA NA NA NA NA
"TARA_186" "2013-06-10" "79.0699" "74.21475" "2013-08-12" "175" "306" "133" "0.656316394805908" "-1.37101175" "53.6254463195801" "43.7370758056641" "0.0736919306218624" "0.146292328834534" "0.550355523824692" "112.674354553223" "0.000548525189515203" NA "0.0034431196982041" "0.0210508722811937" NA NA NA NA NA
"TARA_186" "2013-06-11" "79.0699" "74.21475" "2013-08-12" "175" "306" "133" "0.686988354523977" "-1.37101175" "53.6254463195801" "43.7370758056641" "0.0736919306218624" "0.146292328834534" "0.550355523824692" "112.674354553223" "0.000548525189515203" NA "0.0034431196982041" "0.0210508722811937" NA NA NA NA NA
"TARA_186" "2013-06-12" "79.0699" "74.21475" "2013-08-12" "175" "306" "133" "0.715048375924428" "-1.37101175" "53.6254463195801" "43.7370758056641" "0.0736919306218624" "0.146292328834534" "0.550355523824692" "112.674354553223" "0.000548525189515203" NA "0.0034431196982041" "0.0210508722811937" NA NA NA NA NA
"TARA_186" "2013-06-13" "79.0699" "74.21475" "2013-08-12" "175" "306" "133" "0.583020451068878" "-1.37101175" "53.6254463195801" "43.7370758056641" "0.0736919306218624" "0.146292328834534" "0.550355523824692" "112.674354553223" "0.000548525189515203" NA "0.0034431196982041" "0.0210508722811937" NA NA NA NA NA
"TARA_186" "2013-06-14" "79.0699" "74.21475" "2013-08-12" "175" "306" "133" "0.542763666709264" "-1.37101175" "53.6254463195801" "43.7370758056641" "0.0736919306218624" "0.146292328834534" "0.550355523824692" "112.674354553223" "0.000548525189515203" NA "0.0034431196982041" "0.0210508722811937" NA NA NA NA NA
"TARA_186" "2013-06-15" "79.0699" "74.21475" "2013-08-12" "175" "306" "133" "0.490816500981649" "-1.37101175" "53.6254463195801" "43.7370758056641" "0.0736919306218624" "0.146292328834534" "0.550355523824692" "112.674354553223" "0.000548525189515203" NA "0.0034431196982041" "0.0210508722811937" NA NA NA NA NA
"TARA_186" "2013-06-16" "79.0699" "74.21475" "2013-08-12" "175" "306" "133" "0.377151238123576" "-1.37101175" "53.6254463195801" "43.7370758056641" "0.0736919306218624" "0.146292328834534" "0.550355523824692" "112.674354553223" "0.000548525189515203" NA "0.0034431196982041" "0.0210508722811937" NA "2.54" "4.45333333333333" "0.0252" "0.04495"
"TARA_186" "2013-06-17" "79.0699" "74.21475" "2013-08-12" "175" "306" "133" "0.323211309760809" "-1.37101175" "53.6254463195801" "43.7370758056641" "0.0736919306218624" "0.146292328834534" "0.550355523824692" "112.674354553223" "0.000548525189515203" NA "0.0034431196982041" "0.0210508722811937" NA "-2.69" "5.17" "-0.0245333333333333" "0.0457"
"TARA_186" "2013-06-18" "79.0699" "74.21475" "2013-08-12" "175" "306" "133" "0.515374044179916" "-0.460690625" "24.4584064483643" "39.5484580993652" "0.0818779915571213" "0.171428665518761" "0.677923500537872" "123.818481445312" "0.000370310997823253" NA "0.0027596578001976" "0.0210035853087902" NA "0.943333333333333" "3.85333333333333" "0.00766666666666667" "0.0279"
"TARA_186" "2013-06-19" "79.0699" "74.21475" "2013-08-12" "175" "306" "133" "0.691583561897278" "-0.460690625" "24.4584064483643" "39.5484580993652" "0.0818779915571213" "0.171428665518761" "0.677923500537872" "123.818481445312" "0.000370310997823253" NA "0.0027596578001976" "0.0210035853087902" NA "1.285" "5.715" "0.010825" "0.0466"
"TARA_186" "2013-06-20" "79.0699" "74.21475" "2013-08-12" "175" "306" "133" "0.426879042405635" "-0.460690625" "24.4584064483643" "39.5484580993652" "0.0818779915571213" "0.171428665518761" "0.677923500537872" "123.818481445312" "0.000370310997823253" NA "0.0027596578001976" "0.0210035853087902" NA "0.78" "4.385" "0.003325" "0.01895"
"TARA_186" "2013-06-21" "79.0699" "74.21475" "2013-08-12" "175" "306" "133" "0.351696174656972" "-0.460690625" "24.4584064483643" "39.5484580993652" "0.0818779915571213" "0.171428665518761" "0.677923500537872" "123.818481445312" "0.000370310997823253" NA "0.0027596578001976" "0.0210035853087902" NA "2.81" "6.1925" "0.02305" "0.0514"
"TARA_186" "2013-06-22" "79.0699" "74.21475" "2013-08-12" "175" "306" "133" "0.198184228241444" "-0.460690625" "24.4584064483643" "39.5484580993652" "0.0818779915571213" "0.171428665518761" "0.677923500537872" "123.818481445312" "0.000370310997823253" NA "0.0027596578001976" "0.0210035853087902" NA "3.16" "4.91" "0.036575" "0.0547"
"TARA_186" "2013-06-23" "79.0699" "74.21475" "2013-08-12" "175" "306" "133" "0.0848273303111394" "-0.460690625" "24.4584064483643" "39.5484580993652" "0.0818779915571213" "0.171428665518761" "0.677923500537872" "123.818481445312" "0.000370310997823253" NA "0.0027596578001976" "0.0210035853087902" NA "4.15666666666667" "1.31" "0.0260333333333333" "0.0066"
"TARA_186" "2013-06-24" "79.0699" "74.21475" "2013-08-12" "175" "306" "133" "0.0848781335353851" "-0.460690625" "24.4584064483643" "39.5484580993652" "0.0818779915571213" "0.171428665518761" "0.677923500537872" "123.818481445312" "0.000370310997823253" NA "0.0027596578001976" "0.0210035853087902" NA "4.5225" "5.605" "0.072475" "0.0865"
"TARA_186" "2013-06-25" "79.0699" "74.21475" "2013-08-12" "175" "306" "133" "0.0210209709405899" "-0.460690625" "24.4584064483643" "39.5484580993652" "0.0818779915571213" "0.171428665518761" "0.677923500537872" "123.818481445312" "0.000370310997823253" NA "0.0027596578001976" "0.0210035853087902" NA "-7.075" "8.48666666666667" "-0.143875" "0.1589"
"TARA_186" "2013-06-26" "79.0699" "74.21475" "2013-08-12" "175" "306" "133" "0" "2.222413" "34.0404357910156" "47.3537254333496" "0.0667463392019272" "0.105731420218945" "0.452351003885269" "106.005722045898" "0.000651460664812475" NA "0.00350545789115131" "0.0238144006580114" NA "-2.66666666666667" "2.6075" "-0.0093" "0.0094"
"TARA_186" "2013-06-27" "79.0699" "74.21475" "2013-08-12" "175" "306" "133" "0" "2.222413" "34.0404357910156" "47.3537254333496" "0.0667463392019272" "0.105731420218945" "0.452351003885269" "106.005722045898" "0.000651460664812475" NA "0.00350545789115131" "0.0238144006580114" NA "-0.795" "3.1675" "-0.0032" "0.0152"
"TARA_186" "2013-06-28" "79.0699" "74.21475" "2013-08-12" "175" "306" "133" "0" "2.222413" "34.0404357910156" "47.3537254333496" "0.0667463392019272" "0.105731420218945" "0.452351003885269" "106.005722045898" "0.000651460664812475" NA "0.00350545789115131" "0.0238144006580114" NA "0.2675" "3.675" "0.001275" "0.0168"
"TARA_186" "2013-06-29" "79.0699" "74.21475" "2013-08-12" "175" "306" "133" "0" "2.222413" "34.0404357910156" "47.3537254333496" "0.0667463392019272" "0.105731420218945" "0.452351003885269" "106.005722045898" "0.000651460664812475" NA "0.00350545789115131" "0.0238144006580114" NA "0.155" "5.79" "0.0016" "0.0645"
"TARA_186" "2013-06-30" "79.0699" "74.21475" "2013-08-12" "175" "306" "133" "0" "2.222413" "34.0404357910156" "47.3537254333496" "0.0667463392019272" "0.105731420218945" "0.452351003885269" "106.005722045898" "0.000651460664812475" NA "0.00350545789115131" "0.0238144006580114" NA "0.325" "-1.5475" "7e-04" "-0.0038"
"TARA_186" "2013-07-01" "79.0699" "74.21475" "2013-08-12" "175" "306" "133" "0" "2.222413" "34.0404357910156" "47.3537254333496" "0.0667463392019272" "0.105731420218945" "0.452351003885269" "106.005722045898" "0.000651460664812475" NA "0.00350545789115131" "0.0238144006580114" NA "5.055" "1.0375" "0.0298" "0.0058"
"TARA_186" "2013-07-02" "79.0699" "74.21475" "2013-08-12" "175" "306" "133" "0" "2.222413" "34.0404357910156" "47.3537254333496" "0.0667463392019272" "0.105731420218945" "0.452351003885269" "106.005722045898" "0.000651460664812475" NA "0.00350545789115131" "0.0238144006580114" NA "0.505" "4.315" "0.002475" "0.0198"
"TARA_186" "2013-07-03" "79.0699" "74.21475" "2013-08-12" "175" "306" "133" "0" "2.222413" "34.0404357910156" "47.3537254333496" "0.0667463392019272" "0.105731420218945" "0.452351003885269" "106.005722045898" "0.000651460664812475" NA "0.00350545789115131" "0.0238144006580114" NA "-5.12333333333333" "2.58" "-0.043325" "0.02035"
"TARA_186" "2013-07-04" "79.0699" "74.21475" "2013-08-12" "175" "306" "133" "0" "1.3415785" "41.5515289306641" "59.8538436889648" "0.0513261929154396" "0.0727458149194717" "0.250384718179703" "71.6457901000977" "0.000325546832755208" NA "0.00199450994841754" "0.0201041698455811" NA "0.6325" "-2.4675" "0.0028" "-0.01195"
"TARA_186" "2013-07-05" "79.0699" "74.21475" "2013-08-12" "175" "306" "133" "0" "1.3415785" "41.5515289306641" "59.8538436889648" "0.0513261929154396" "0.0727458149194717" "0.250384718179703" "71.6457901000977" "0.000325546832755208" NA "0.00199450994841754" "0.0201041698455811" NA "4.51" "-4.965" "0.047875" "-0.0562"
"TARA_186" "2013-07-06" "79.0699" "74.21475" "2013-08-12" "175" "306" "133" "0" "1.3415785" "41.5515289306641" "59.8538436889648" "0.0513261929154396" "0.0727458149194717" "0.250384718179703" "71.6457901000977" "0.000325546832755208" NA "0.00199450994841754" "0.0201041698455811" NA "-1.0575" "-3.305" "-0.00695" "-0.0223"
"TARA_186" "2013-07-07" "79.0699" "74.21475" "2013-08-12" "175" "306" "133" "0" "1.3415785" "41.5515289306641" "59.8538436889648" "0.0513261929154396" "0.0727458149194717" "0.250384718179703" "71.6457901000977" "0.000325546832755208" NA "0.00199450994841754" "0.0201041698455811" NA "-2.5325" "-0.79" "-0.01215" "-0.0038"
"TARA_186" "2013-07-08" "79.0699" "74.21475" "2013-08-12" "175" "306" "133" "0" "1.3415785" "41.5515289306641" "59.8538436889648" "0.0513261929154396" "0.0727458149194717" "0.250384718179703" "71.6457901000977" "0.000325546832755208" NA "0.00199450994841754" "0.0201041698455811" NA "2.7575" "0.025" "0.014" "2e-04"
"TARA_186" "2013-07-09" "79.0699" "74.21475" "2013-08-12" "175" "306" "133" "0" "1.3415785" "41.5515289306641" "59.8538436889648" "0.0513261929154396" "0.0727458149194717" "0.250384718179703" "71.6457901000977" "0.000325546832755208" NA "0.00199450994841754" "0.0201041698455811" NA "6.835" "-2.7" "0.080625" "-0.0287"
"TARA_186" "2013-07-10" "79.0699" "74.21475" "2013-08-12" "175" "306" "133" "0" "1.3415785" "41.5515289306641" "59.8538436889648" "0.0513261929154396" "0.0727458149194717" "0.250384718179703" "71.6457901000977" "0.000325546832755208" NA "0.00199450994841754" "0.0201041698455811" NA "1.5925" "0.00499999999999999" "0.002775" "0"
"TARA_186" "2013-07-11" "79.0699" "74.21475" "2013-08-12" "175" "306" "133" "0" "1.3415785" "41.5515289306641" "59.8538436889648" "0.0513261929154396" "0.0727458149194717" "0.250384718179703" "71.6457901000977" "0.000325546832755208" NA "0.00199450994841754" "0.0201041698455811" NA "6.0375" "-2.5" "0.0596" "-0.0254"
"TARA_186" "2013-07-12" "79.0699" "74.21475" "2013-08-12" "175" "306" "133" "0" "2.7060295" "32.9031505584717" "64.49609375" "0.0474090054631233" "0.0672457441687584" "0.207092836499214" "62.4703559875488" "0.00029969890601933" NA "0.00185779971070588" "0.0171107780188322" NA "0.98" "-8.495" "0.01105" "-0.0973"
"TARA_186" "2013-07-13" "79.0699" "74.21475" "2013-08-12" "175" "306" "133" "0" "2.7060295" "32.9031505584717" "64.49609375" "0.0474090054631233" "0.0672457441687584" "0.207092836499214" "62.4703559875488" "0.00029969890601933" NA "0.00185779971070588" "0.0171107780188322" NA "0.6725" "-9.1025" "0.00795" "-0.1023"
"TARA_186" "2013-07-14" "79.0699" "74.21475" "2013-08-12" "175" "306" "133" "0" "2.7060295" "32.9031505584717" "64.49609375" "0.0474090054631233" "0.0672457441687584" "0.207092836499214" "62.4703559875488" "0.00029969890601933" NA "0.00185779971070588" "0.0171107780188322" NA "5.3925" "-0.635" "0.044625" "-0.0071"
"TARA_186" "2013-07-15" "79.0699" "74.21475" "2013-08-12" "175" "306" "133" "0" "2.7060295" "32.9031505584717" "64.49609375" "0.0474090054631233" "0.0672457441687584" "0.207092836499214" "62.4703559875488" "0.00029969890601933" NA "0.00185779971070588" "0.0171107780188322" NA "8.6325" "-1.7125" "0.12675" "-0.0243"
"TARA_186" "2013-07-16" "79.0699" "74.21475" "2013-08-12" "175" "306" "133" "0" "2.7060295" "32.9031505584717" "64.49609375" "0.0474090054631233" "0.0672457441687584" "0.207092836499214" "62.4703559875488" "0.00029969890601933" NA "0.00185779971070588" "0.0171107780188322" NA "5.68333333333333" "5.1675" "0.057225" "0.0495"
"TARA_186" "2013-07-17" "79.0699" "74.21475" "2013-08-12" "175" "306" "133" "0" "2.7060295" "32.9031505584717" "64.49609375" "0.0474090054631233" "0.0672457441687584" "0.207092836499214" "62.4703559875488" "0.00029969890601933" NA "0.00185779971070588" "0.0171107780188322" NA "5.725" "5.2975" "0.06265" "0.0586"
"TARA_186" "2013-07-18" "79.0699" "74.21475" "2013-08-12" "175" "306" "133" "0" "2.7060295" "32.9031505584717" "64.49609375" "0.0474090054631233" "0.0672457441687584" "0.207092836499214" "62.4703559875488" "0.00029969890601933" NA "0.00185779971070588" "0.0171107780188322" NA "1.02" "6.4725" "0.009525" "0.065"
"TARA_186" "2013-07-19" "79.0699" "74.21475" "2013-08-12" "175" "306" "133" "0" "2.7060295" "32.9031505584717" "64.49609375" "0.0474090054631233" "0.0672457441687584" "0.207092836499214" "62.4703559875488" "0.00029969890601933" NA "0.00185779971070588" "0.0171107780188322" NA "-2.07" "-0.2275" "-0.0129" "-0.0038"
"TARA_186" "2013-07-20" "79.0699" "74.21475" "2013-08-12" "175" "306" "133" "0" "4.1636905" "33.6482334136963" "67.0330123901367" "0.0455291569232941" "0.0602264478802681" "0.187440901994705" "56.8495769500732" "0.000129478466988076" NA "0.00112247851211578" "0.0229868795722723" NA "3.335" "-4.995" "0.02965" "-0.0497"
"TARA_186" "2013-07-21" "79.0699" "74.21475" "2013-08-12" "175" "306" "133" "0" "4.1636905" "33.6482334136963" "67.0330123901367" "0.0455291569232941" "0.0602264478802681" "0.187440901994705" "56.8495769500732" "0.000129478466988076" NA "0.00112247851211578" "0.0229868795722723" NA "2.66" "0.56" "0.013" "0.0017"
"TARA_186" "2013-07-22" "79.0699" "74.21475" "2013-08-12" "175" "306" "133" "0" "4.1636905" "33.6482334136963" "67.0330123901367" "0.0455291569232941" "0.0602264478802681" "0.187440901994705" "56.8495769500732" "0.000129478466988076" NA "0.00112247851211578" "0.0229868795722723" NA "0.885" "-1.0875" "0.00085" "-0.0012"
"TARA_186" "2013-07-23" "79.0699" "74.21475" "2013-08-12" "175" "306" "133" "0" "4.1636905" "33.6482334136963" "67.0330123901367" "0.0455291569232941" "0.0602264478802681" "0.187440901994705" "56.8495769500732" "0.000129478466988076" NA "0.00112247851211578" "0.0229868795722723" NA "-1.6675" "6.0925" "-0.0149" "0.054"
"TARA_186" "2013-07-24" "79.0699" "74.21475" "2013-08-12" "175" "306" "133" "0" "4.1636905" "33.6482334136963" "67.0330123901367" "0.0455291569232941" "0.0602264478802681" "0.187440901994705" "56.8495769500732" "0.000129478466988076" NA "0.00112247851211578" "0.0229868795722723" NA "1.12" "5.0025" "0.00835" "0.0381"
"TARA_186" "2013-07-25" "79.0699" "74.21475" "2013-08-12" "175" "306" "133" "0" "4.1636905" "33.6482334136963" "67.0330123901367" "0.0455291569232941" "0.0602264478802681" "0.187440901994705" "56.8495769500732" "0.000129478466988076" NA "0.00112247851211578" "0.0229868795722723" NA "3.58" "1.5325" "0.0147" "0.0073"
"TARA_186" "2013-07-26" "79.0699" "74.21475" "2013-08-12" "175" "306" "133" "0" "4.1636905" "33.6482334136963" "67.0330123901367" "0.0455291569232941" "0.0602264478802681" "0.187440901994705" "56.8495769500732" "0.000129478466988076" NA "0.00112247851211578" "0.0229868795722723" NA "1.355" "6.1825" "0.018425" "0.0857"
"TARA_186" "2013-07-27" "79.0699" "74.21475" "2013-08-12" "175" "306" "133" "0" "4.1636905" "33.6482334136963" "67.0330123901367" "0.0455291569232941" "0.0602264478802681" "0.187440901994705" "56.8495769500732" "0.000129478466988076" NA "0.00112247851211578" "0.0229868795722723" NA "-2.41" "5.935" "-0.021525" "0.056"
"TARA_186" "2013-07-28" "79.0699" "74.21475" "2013-08-12" "175" "306" "133" "0" "4.3744885" "25.4469585418701" "66.6845664978027" "0.0457708109170198" "0.0653848052024841" "0.189926281571388" "61.8955612182617" "0.000475992390420288" NA "0.00258685217704624" "0.0141694718040526" NA "-0.395" "4.85" "-0.002525" "0.0306"
"TARA_186" "2013-07-29" "79.0699" "74.21475" "2013-08-12" "175" "306" "133" "0" "4.3744885" "25.4469585418701" "66.6845664978027" "0.0457708109170198" "0.0653848052024841" "0.189926281571388" "61.8955612182617" "0.000475992390420288" NA "0.00258685217704624" "0.0141694718040526" NA "0.5525" "6.685" "0.0053" "0.0635"
"TARA_186" "2013-07-30" "79.0699" "74.21475" "2013-08-12" "175" "306" "133" "0" "4.3744885" "25.4469585418701" "66.6845664978027" "0.0457708109170198" "0.0653848052024841" "0.189926281571388" "61.8955612182617" "0.000475992390420288" NA "0.00258685217704624" "0.0141694718040526" NA "1.0575" "2.8675" "0.00385" "0.0102"
"TARA_186" "2013-07-31" "79.0699" "74.21475" "2013-08-12" "175" "306" "133" "0" "4.3744885" "25.4469585418701" "66.6845664978027" "0.0457708109170198" "0.0653848052024841" "0.189926281571388" "61.8955612182617" "0.000475992390420288" NA "0.00258685217704624" "0.0141694718040526" NA "-0.4725" "2.6125" "-0.002375" "0.016"
"TARA_186" "2013-08-01" "79.0699" "74.21475" "2013-08-12" "175" "306" "133" "0" "4.3744885" "25.4469585418701" "66.6845664978027" "0.0457708109170198" "0.0653848052024841" "0.189926281571388" "61.8955612182617" "0.000475992390420288" NA "0.00258685217704624" "0.0141694718040526" NA "3.41333333333333" "3.1525" "0.01305" "0.0114"
"TARA_186" "2013-08-02" "79.0699" "74.21475" "2013-08-12" "175" "306" "133" "0" "4.3744885" "25.4469585418701" "66.6845664978027" "0.0457708109170198" "0.0653848052024841" "0.189926281571388" "61.8955612182617" "0.000475992390420288" NA "0.00258685217704624" "0.0141694718040526" NA "2.81" "7.495" "0.03045" "0.0805"
"TARA_186" "2013-08-03" "79.0699" "74.21475" "2013-08-12" "175" "306" "133" "0" "4.3744885" "25.4469585418701" "66.6845664978027" "0.0457708109170198" "0.0653848052024841" "0.189926281571388" "61.8955612182617" "0.000475992390420288" NA "0.00258685217704624" "0.0141694718040526" NA "1.78" "5.5075" "0.01005" "0.0292"
"TARA_186" "2013-08-04" "79.0699" "74.21475" "2013-08-12" "175" "306" "133" "0" "4.3744885" "25.4469585418701" "66.6845664978027" "0.0457708109170198" "0.0653848052024841" "0.189926281571388" "61.8955612182617" "0.000475992390420288" NA "0.00258685217704624" "0.0141694718040526" NA "1.74625" "5.6225" "0.010025" "0.0292"
"TARA_186" "2013-08-05" "79.0699" "74.21475" "2013-08-12" "175" "306" "133" "0" "2.46350425" "21.3410749435425" "69.962230682373" "0.0435454417020082" "0.0638471990823746" "0.167544364929199" "57.0511779785156" "0.000408800551667809" NA "0.00227865518536419" "0.0118521647527814" NA "-7.555" "2.825" "-0.10085" "0.0371"
"TARA_186" "2013-08-06" "79.0699" "74.21475" "2013-08-12" "175" "306" "133" "0" "2.46350425" "21.3410749435425" "69.962230682373" "0.0435454417020082" "0.0638471990823746" "0.167544364929199" "57.0511779785156" "0.000408800551667809" NA "0.00227865518536419" "0.0118521647527814" NA "-4.1475" "4.165" "-0.0373" "0.0334"
"TARA_186" "2013-08-07" "79.0699" "74.21475" "2013-08-12" "175" "306" "133" "0" "2.46350425" "21.3410749435425" "69.962230682373" "0.0435454417020082" "0.0638471990823746" "0.167544364929199" "57.0511779785156" "0.000408800551667809" NA "0.00227865518536419" "0.0118521647527814" NA "0.11" "8.565" "0.001575" "0.1177"
"TARA_186" "2013-08-08" "79.0699" "74.21475" "2013-08-12" "175" "306" "133" "0" "2.46350425" "21.3410749435425" "69.962230682373" "0.0435454417020082" "0.0638471990823746" "0.167544364929199" "57.0511779785156" "0.000408800551667809" NA "0.00227865518536419" "0.0118521647527814" NA "1.0275" "1.315" "0.021975" "0.0237"
"TARA_186" "2013-08-09" "79.0699" "74.21475" "2013-08-12" "175" "306" "133" "0" "2.46350425" "21.3410749435425" "69.962230682373" "0.0435454417020082" "0.0638471990823746" "0.167544364929199" "57.0511779785156" "0.000408800551667809" NA "0.00227865518536419" "0.0118521647527814" NA "-1.6175" "-7.5175" "-0.026875" "-0.1362"
"TARA_186" "2013-08-10" "79.0699" "74.21475" "2013-08-12" "175" "306" "133" "0" "2.46350425" "21.3410749435425" "69.962230682373" "0.0435454417020082" "0.0638471990823746" "0.167544364929199" "57.0511779785156" "0.000408800551667809" NA "0.00227865518536419" "0.0118521647527814" NA "-2.7" "6.495" "-0.050675" "0.1205"
"TARA_186" "2013-08-11" "79.0699" "74.21475" "2013-08-12" "175" "306" "133" "0" "2.46350425" "21.3410749435425" "69.962230682373" "0.0435454417020082" "0.0638471990823746" "0.167544364929199" "57.0511779785156" "0.000408800551667809" NA "0.00227865518536419" "0.0118521647527814" NA "0.575" "6.51" "0.01055" "0.1245"
"TARA_186" "2013-08-12" "79.0699" "74.21475" "2013-08-12" "175" "306" "133" "0" "2.46350425" "21.3410749435425" "69.962230682373" "0.0435454417020082" "0.0638471990823746" "0.167544364929199" "57.0511779785156" "0.000408800551667809" NA "0.00227865518536419" "0.0118521647527814" NA "7.03" "4.425" "0.0908" "0.0536"
"TARA_186" "2013-08-13" "79.0699" "74.21475" "2013-08-12" "175" "306" "133" "0" "2.46924025" "19.7878971099854" "70.4297370910645" "0.0435148905962706" "0.0612521804869175" "0.167587369680405" "53.3829040527344" "0.000183380965609103" NA "0.00133885105606169" "0.0173276159912348" NA "6.69666666666667" "0.9975" "0.0640666666666667" "0.0087"
"TARA_186" "2013-08-14" "79.0699" "74.21475" "2013-08-12" "175" "306" "133" "0" "2.46924025" "19.7878971099854" "70.4297370910645" "0.0435148905962706" "0.0612521804869175" "0.167587369680405" "53.3829040527344" "0.000183380965609103" NA "0.00133885105606169" "0.0173276159912348" NA "8.515" "-1.195" "0.11365" "-0.0142"
"TARA_186" "2013-08-15" "79.0699" "74.21475" "2013-08-12" "175" "306" "133" "0" "2.46924025" "19.7878971099854" "70.4297370910645" "0.0435148905962706" "0.0612521804869175" "0.167587369680405" "53.3829040527344" "0.000183380965609103" NA "0.00133885105606169" "0.0173276159912348" NA "-1.3925" "9.6775" "-0.0269" "0.1845"
"TARA_186" "2013-08-16" "79.0699" "74.21475" "2013-08-12" "175" "306" "133" "0" "2.46924025" "19.7878971099854" "70.4297370910645" "0.0435148905962706" "0.0612521804869175" "0.167587369680405" "53.3829040527344" "0.000183380965609103" NA "0.00133885105606169" "0.0173276159912348" NA "2.535" "6.94" "0.024175" "0.0658"
"TARA_186" "2013-08-17" "79.0699" "74.21475" "2013-08-12" "175" "306" "133" "0" "2.46924025" "19.7878971099854" "70.4297370910645" "0.0435148905962706" "0.0612521804869175" "0.167587369680405" "53.3829040527344" "0.000183380965609103" NA "0.00133885105606169" "0.0173276159912348" NA "1.8425" "3.735" "0.007325" "0.0137"
"TARA_186" "2013-08-18" "79.0699" "74.21475" "2013-08-12" "175" "306" "133" "0" "2.46924025" "19.7878971099854" "70.4297370910645" "0.0435148905962706" "0.0612521804869175" "0.167587369680405" "53.3829040527344" "0.000183380965609103" NA "0.00133885105606169" "0.0173276159912348" NA "1.1975" "1.7425" "0.0015" "8e-04"
"TARA_186" "2013-08-19" "79.0699" "74.21475" "2013-08-12" "175" "306" "133" "0" "2.46924025" "19.7878971099854" "70.4297370910645" "0.0435148905962706" "0.0612521804869175" "0.167587369680405" "53.3829040527344" "0.000183380965609103" NA "0.00133885105606169" "0.0173276159912348" NA "2.7825" "-0.9725" "0.00865" "-0.0033"
"TARA_186" "2013-08-20" "79.0699" "74.21475" "2013-08-12" "175" "306" "133" "0" "2.46924025" "19.7878971099854" "70.4297370910645" "0.0435148905962706" "0.0612521804869175" "0.167587369680405" "53.3829040527344" "0.000183380965609103" NA "0.00133885105606169" "0.0173276159912348" NA "6.1075" "-3.2225" "0.05675" "-0.0325"
"TARA_186" "2013-08-21" "79.0699" "74.21475" "2013-08-12" "175" "306" "133" "0" "2.539327" "16.1270427703857" "68.3622283935547" "0.044611930847168" "0.0624746978282928" "0.178139388561249" "55.740062713623" "0.000238447835727129" NA "0.00161765608936548" "0.0168631728738546" NA "8.2325" "0.625" "0.09865" "0.0063"
"TARA_186" "2013-08-22" "79.0699" "74.21475" "2013-08-12" "175" "306" "133" "0" "2.539327" "16.1270427703857" "68.3622283935547" "0.044611930847168" "0.0624746978282928" "0.178139388561249" "55.740062713623" "0.000238447835727129" NA "0.00161765608936548" "0.0168631728738546" NA "7.6025" "0.835" "0.07895" "0.0075"
"TARA_186" "2013-08-23" "79.0699" "74.21475" "2013-08-12" "175" "306" "133" "0" "2.539327" "16.1270427703857" "68.3622283935547" "0.044611930847168" "0.0624746978282928" "0.178139388561249" "55.740062713623" "0.000238447835727129" NA "0.00161765608936548" "0.0168631728738546" NA "7.385" "-2.0275" "0.080525" "-0.0224"
"TARA_186" "2013-08-24" "79.0699" "74.21475" "2013-08-12" "175" "306" "133" "0" "2.539327" "16.1270427703857" "68.3622283935547" "0.044611930847168" "0.0624746978282928" "0.178139388561249" "55.740062713623" "0.000238447835727129" NA "0.00161765608936548" "0.0168631728738546" NA "6.1375" "-3.335" "0.05995" "-0.0326"
"TARA_186" "2013-08-25" "79.0699" "74.21475" "2013-08-12" "175" "306" "133" "0" "2.539327" "16.1270427703857" "68.3622283935547" "0.044611930847168" "0.0624746978282928" "0.178139388561249" "55.740062713623" "0.000238447835727129" NA "0.00161765608936548" "0.0168631728738546" NA "-2.125" "-2.3325" "-0.01155" "-0.0129"
"TARA_186" "2013-08-26" "79.0699" "74.21475" "2013-08-12" "175" "306" "133" "0" "2.539327" "16.1270427703857" "68.3622283935547" "0.044611930847168" "0.0624746978282928" "0.178139388561249" "55.740062713623" "0.000238447835727129" NA "0.00161765608936548" "0.0168631728738546" NA "-4.5775" "-4.775" "-0.05765" "-0.0599"
"TARA_186" "2013-08-27" "79.0699" "74.21475" "2013-08-12" "175" "306" "133" "0" "2.539327" "16.1270427703857" "68.3622283935547" "0.044611930847168" "0.0624746978282928" "0.178139388561249" "55.740062713623" "0.000238447835727129" NA "0.00161765608936548" "0.0168631728738546" NA "-1.88666666666667" "-4.5675" "-0.014675" "-0.0378"
"TARA_186" "2013-08-28" "79.0699" "74.21475" "2013-08-12" "175" "306" "133" "0" "2.539327" "16.1270427703857" "68.3622283935547" "0.044611930847168" "0.0624746978282928" "0.178139388561249" "55.740062713623" "0.000238447835727129" NA "0.00161765608936548" "0.0168631728738546" NA "-1.31" "-2.7375" "-0.007625" "-0.0146"
"TARA_186" "2013-08-29" "79.0699" "74.21475" "2013-08-12" "175" "306" "133" "0" "1.4455435" "13.3833417892456" NA NA NA NA NA NA NA NA NA NA "-1.0975" "1.6225" "-0.005525" "0.0099"
"TARA_186" "2013-08-30" "79.0699" "74.21475" "2013-08-12" "175" "306" "133" "0" "1.4455435" "13.3833417892456" NA NA NA NA NA NA NA NA NA NA "-2.17" "1.205" "-0.0323" "0.0184"
"TARA_186" "2013-08-31" "79.0699" "74.21475" "2013-08-12" "175" "306" "133" "0" "1.4455435" "13.3833417892456" NA NA NA NA NA NA NA NA NA NA "-0.045" "3.6475" "-0.000175" "0.0105"
"TARA_186" "2013-09-01" "79.0699" "74.21475" "2013-08-12" "175" "306" "133" "0" "1.4455435" "13.3833417892456" NA NA NA NA NA NA NA NA NA NA "-7.4525" "-1.9275" "-0.087325" "-0.0218"
"TARA_186" "2013-09-02" "79.0699" "74.21475" "2013-08-12" "175" "306" "133" "0" "1.4455435" "13.3833417892456" NA NA NA NA NA NA NA NA NA NA "-7.275" "-3.3" "-0.0881" "-0.0393"
"TARA_186" "2013-09-03" "79.0699" "74.21475" "2013-08-12" "175" "306" "133" "0" "1.4455435" "13.3833417892456" NA NA NA NA NA NA NA NA NA NA "-8.0525" "-0.84" "-0.09935" "-0.01"
"TARA_186" "2013-09-04" "79.0699" "74.21475" "2013-08-12" "175" "306" "133" "0" "1.4455435" "13.3833417892456" NA NA NA NA NA NA NA NA NA NA "-5.685" "-0.825" "-0.04695" "-0.0071"
"TARA_186" "2013-09-05" "79.0699" "74.21475" "2013-08-12" "175" "306" "133" "0" "1.4455435" "13.3833417892456" NA NA NA NA NA NA NA NA NA NA "1.955" "-0.395" "0.006275" "-0.0012"
"TARA_186" "2013-09-06" "79.0699" "74.21475" "2013-08-12" "175" "306" "133" "0" "1.4032405" NA NA NA NA NA NA NA NA NA NA NA "4.07" "-0.685" "0.027575" "-0.0047"
"TARA_186" "2013-09-07" "79.0699" "74.21475" "2013-08-12" "175" "306" "133" "0" "1.4032405" NA NA NA NA NA NA NA NA NA NA NA "1.05" "3.9" "0.0091" "0.0355"
"TARA_186" "2013-09-08" "79.0699" "74.21475" "2013-08-12" "175" "306" "133" "0" "1.4032405" NA NA NA NA NA NA NA NA NA NA NA "-4.32" "8.315" "-0.077175" "0.1466"
"TARA_186" "2013-09-09" "79.0699" "74.21475" "2013-08-12" "175" "306" "133" "0" "1.4032405" NA NA NA NA NA NA NA NA NA NA NA "-8.615" "4.975" "-0.15405" "0.0974"
"TARA_186" "2013-09-10" "79.0699" "74.21475" "2013-08-12" "175" "306" "133" "0" "1.4032405" NA NA NA NA NA NA NA NA NA NA NA "-12.5125" "-3.465" "-0.33315" "-0.0755"
"TARA_186" "2013-09-11" "79.0699" "74.21475" "2013-08-12" "175" "306" "133" "0" "1.4032405" NA NA NA NA NA NA NA NA NA NA NA "-7.4575" "-5.2375" "-0.135825" "-0.0903"
"TARA_186" "2013-09-12" "79.0699" "74.21475" "2013-08-12" "175" "306" "133" "0" "1.4032405" NA NA NA NA NA NA NA NA NA NA NA "-0.555" "-5.27" "-0.00475" "-0.0457"
"TARA_186" "2013-09-13" "79.0699" "74.21475" "2013-08-12" "175" "306" "133" "0" "1.4032405" NA NA NA NA NA NA NA NA NA NA NA "-0.9075" "-1.105" "-0.00355" "-0.0041"
"TARA_186" "2013-09-14" "79.0699" "74.21475" "2013-08-12" "175" "306" "133" "0" "1.03344775" NA NA NA NA NA NA NA NA NA NA NA "-1.78" "-1.1975" "-0.0092" "-0.0065"
"TARA_186" "2013-09-15" "79.0699" "74.21475" "2013-08-12" "175" "306" "133" "0" "1.03344775" NA NA NA NA NA NA NA NA NA NA NA "2.70666666666667" "-2.6325" "0.0195" "-0.0209"
"TARA_186" "2013-09-16" "79.0699" "74.21475" "2013-08-12" "175" "306" "133" "0" "1.03344775" NA NA NA NA NA NA NA NA NA NA NA "8.6525" "1.5225" "0.1489" "0.0275"
"TARA_186" "2013-09-17" "79.0699" "74.21475" "2013-08-12" "175" "306" "133" "0" "1.03344775" NA NA NA NA NA NA NA NA NA NA NA "-3.0425" "5.77" "-0.03095" "0.0581"
"TARA_186" "2013-09-18" "79.0699" "74.21475" "2013-08-12" "175" "306" "133" "0" "1.03344775" NA NA NA NA NA NA NA NA NA NA NA "-0.3725" "5.245" "-0.0028" "0.0452"
"TARA_186" "2013-09-19" "79.0699" "74.21475" "2013-08-12" "175" "306" "133" "0" "1.03344775" NA NA NA NA NA NA NA NA NA NA NA "5.1675" "-6.8025" "0.069925" "-0.0921"
"TARA_186" "2013-09-20" "79.0699" "74.21475" "2013-08-12" "175" "306" "133" "0" "1.03344775" NA NA NA NA NA NA NA NA NA NA NA "-1.165" "-7.51" "-0.01765" "-0.1144"
"TARA_186" "2013-09-21" "79.0699" "74.21475" "2013-08-12" "175" "306" "133" "0" "1.03344775" NA NA NA NA NA NA NA NA NA NA NA "-2.85" "-6.12" "-0.0332" "-0.0723"
"TARA_186" "2013-09-22" "79.0699" "74.21475" "2013-08-12" "175" "306" "133" "0" "0.54051025" NA NA NA NA NA NA NA NA NA NA NA "-2.5525" "-4.815" "-0.02325" "-0.0445"
"TARA_186" "2013-09-23" "79.0699" "74.21475" "2013-08-12" "175" "306" "133" "0" "0.54051025" NA NA NA NA NA NA NA NA NA NA NA "-5.695" "-1.2425" "-0.0567" "-0.0157"
"TARA_186" "2013-09-24" "79.0699" "74.21475" "2013-08-12" "175" "306" "133" "0" "0.54051025" NA NA NA NA NA NA NA NA NA NA NA "-5.505" "-5.45" "-0.073575" "-0.0744"
"TARA_186" "2013-09-25" "79.0699" "74.21475" "2013-08-12" "175" "306" "133" "0" "0.54051025" NA NA NA NA NA NA NA NA NA NA NA "-6.43" "2.715" "-0.065975" "0.0241"
"TARA_186" "2013-09-26" "79.0699" "74.21475" "2013-08-12" "175" "306" "133" "0" "0.54051025" NA NA NA NA NA NA NA NA NA NA NA "-9.27" "1.7125" "-0.15325" "0.0284"
"TARA_186" "2013-09-27" "79.0699" "74.21475" "2013-08-12" "175" "306" "133" "0" "0.54051025" NA NA NA NA NA NA NA NA NA NA NA "-6.9" "-1.475" "-0.078975" "-0.0176"
"TARA_186" "2013-09-28" "79.0699" "74.21475" "2013-08-12" "175" "306" "133" "0" "0.54051025" NA NA NA NA NA NA NA NA NA NA NA "-5.58" "6.2" "-0.07905" "0.0899"
"TARA_186" "2013-09-29" "79.0699" "74.21475" "2013-08-12" "175" "306" "133" "0" "0.54051025" NA NA NA NA NA NA NA NA NA NA NA "-5.9925" "5.595" "-0.08435" "0.0773"
"TARA_186" "2013-09-30" "79.0699" "74.21475" "2013-08-12" "175" "306" "133" "0" "0.04542175" NA NA NA NA NA NA NA NA NA NA NA "-3.1325" "3.3625" "-0.0284" "0.0302"
"TARA_186" "2013-10-01" "79.0699" "74.21475" "2013-08-12" "175" "306" "133" "0" "0.04542175" NA NA NA NA NA NA NA NA NA NA NA "-2.3125" "7.7525" "-0.02875" "0.0972"
"TARA_186" "2013-10-02" "79.0699" "74.21475" "2013-08-12" "175" "306" "133" "0" "0.04542175" NA NA NA NA NA NA NA NA NA NA NA "8.44" "6.6575" "0.1655" "0.1349"
"TARA_186" "2013-10-03" "79.0699" "74.21475" "2013-08-12" "175" "306" "133" "0" "0.04542175" NA NA NA NA NA NA NA NA NA NA NA "12.6775" "4.5225" "0.34405" "0.1259"
"TARA_186" "2013-10-04" "79.0699" "74.21475" "2013-08-12" "175" "306" "133" "0" "0.04542175" NA NA NA NA NA NA NA NA NA NA NA "3.5275" "-3.1075" "0.054375" "-0.0437"
"TARA_186" "2013-10-05" "79.0699" "74.21475" "2013-08-12" "175" "306" "133" "0" "0.04542175" NA NA NA NA NA NA NA NA NA NA NA "-2.825" "-10.6275" "-0.060675" "-0.2221"
"TARA_186" "2013-10-06" "79.0699" "74.21475" "2013-08-12" "175" "306" "133" "0" "0.04542175" NA NA NA NA NA NA NA NA NA NA NA "-7.8275" "-8.8375" "-0.180475" "-0.1938"
"TARA_186" "2013-10-07" "79.0699" "74.21475" "2013-08-12" "175" "306" "133" "0" "0.04542175" NA NA NA NA NA NA NA NA NA NA NA "-9.24" "-6.5775" "-0.2093" "-0.1511"
"TARA_186" "2013-10-08" "79.0699" "74.21475" "2013-08-12" "175" "306" "133" "0" "0.08664925" NA NA NA NA NA NA NA NA NA NA NA "-8.835" "-2.1375" "-0.177225" "-0.0446"
"TARA_186" "2013-10-09" "79.0699" "74.21475" "2013-08-12" "175" "306" "133" "0" "0.08664925" NA NA NA NA NA NA NA NA NA NA NA "-5.7725" "3.0925" "-0.081225" "0.0432"
"TARA_186" "2013-10-10" "79.0699" "74.21475" "2013-08-12" "175" "306" "133" "0" "0.08664925" NA NA NA NA NA NA NA NA NA NA NA "-1.36" "-1.54" "-0.015" "-0.0134"
"TARA_186" "2013-10-11" "79.0699" "74.21475" "2013-08-12" "175" "306" "133" "0" "0.08664925" NA NA NA NA NA NA NA NA NA NA NA "7.895" "-6.9375" "0.150425" "-0.1353"
"TARA_186" "2013-10-12" "79.0699" "74.21475" "2013-08-12" "175" "306" "133" "0" "0.08664925" NA NA NA NA NA NA NA NA NA NA NA "5.93666666666667" "-13.19" "0.18655" "-0.4224"
"TARA_186" "2013-10-13" "79.0699" "74.21475" "2013-08-12" "175" "306" "133" "0" "0.08664925" NA NA NA NA NA NA NA NA NA NA NA "-1.415" "-13.66" "-0.0471" "-0.4572"
"TARA_186" "2013-10-14" "79.0699" "74.21475" "2013-08-12" "175" "306" "133" "0" "0.08664925" NA NA NA NA NA NA NA NA NA NA NA "-0.9675" "-11.015" "-0.02245" "-0.243"
"TARA_186" "2013-10-15" "79.0699" "74.21475" "2013-08-12" "175" "306" "133" "0" "0.08664925" NA NA NA NA NA NA NA NA NA NA NA "-6.595" "-7.6075" "-0.135766666666667" "-0.1565"
"TARA_186" "2013-10-16" "79.0699" "74.21475" "2013-08-12" "175" "306" "133" "0" "-1.19696" NA NA NA NA NA NA NA NA NA NA NA "-6.8175" "-5.77" "-0.12135" "-0.1029"
"TARA_186" "2013-10-17" "79.0699" "74.21475" "2013-08-12" "175" "306" "133" "0" "-1.19696" NA NA NA NA NA NA NA NA NA NA NA "-11.04" "-1.465" "-0.266025" "-0.0332"
"TARA_186" "2013-10-18" "79.0699" "74.21475" "2013-08-12" "175" "306" "133" "0" "-1.19696" NA NA NA NA NA NA NA NA NA NA NA "-12.1125" "0.98" "-0.33145" "0.0279"
"TARA_186" "2013-10-19" "79.0699" "74.21475" "2013-08-12" "175" "306" "133" "0" "-1.19696" NA NA NA NA NA NA NA NA NA NA NA "-8.815" "5.9025" "-0.183325" "0.1277"
"TARA_186" "2013-10-20" "79.0699" "74.21475" "2013-08-12" "175" "306" "133" "0" "-1.19696" NA NA NA NA NA NA NA NA NA NA NA "-4.97" "0.955" "-0.055575" "0.0109"
"TARA_186" "2013-10-21" "79.0699" "74.21475" "2013-08-12" "175" "306" "133" "0" "-1.19696" NA NA NA NA NA NA NA NA NA NA NA "-10.0425" "-5.23" "-0.259" "-0.1292"
"TARA_186" "2013-10-22" "79.0699" "74.21475" "2013-08-12" "175" "306" "133" "0" "-1.19696" NA NA NA NA NA NA NA NA NA NA NA "-2.9525" "7.285" "-0.04985" "0.1225"
"TARA_186" "2013-10-23" "79.0699" "74.21475" "2013-08-12" "175" "306" "133" "0" "-1.19696" NA NA NA NA NA NA NA NA NA NA NA "3.8275" "4.8125" "0.151066666666667" "0.1836"
"TARA_186" "2013-10-24" "79.0699" "74.21475" "2013-08-12" "175" "306" "133" "0" "-1.02936125" NA NA NA NA NA NA NA NA NA NA NA "-0.8675" "-2.7625" "-0.02265" "-0.1012"
"TARA_186" "2013-10-25" "79.0699" "74.21475" "2013-08-12" "175" "306" "133" "0" "-1.02936125" NA NA NA NA NA NA NA NA NA NA NA "6.9125" "0.735" "0.191075" "0.0229"
"TARA_186" "2013-10-26" "79.0699" "74.21475" "2013-08-12" "175" "306" "133" "0" "-1.02936125" NA NA NA NA NA NA NA NA NA NA NA "-10.62" "5.01" "-0.29145" "0.1421"
"TARA_186" "2013-10-27" "79.0699" "74.21475" "2013-08-12" "175" "306" "133" "0" "-1.02936125" NA NA NA NA NA NA NA NA NA NA NA "-6.2275" "-0.11" "-0.140075" "0.0594"
"TARA_186" "2013-10-28" "79.0699" "74.21475" "2013-08-12" "175" "306" "133" "0" "-1.02936125" NA NA NA NA NA NA NA NA NA NA NA "-11.31" "2.5925" "-0.28355" "0.0696"
"TARA_186" "2013-10-29" "79.0699" "74.21475" "2013-08-12" "175" "306" "133" "0" "-1.02936125" NA NA NA NA NA NA NA NA NA NA NA "-9.2825" "2.805" "-0.189275" "0.0618"
"TARA_186" "2013-10-30" "79.0699" "74.21475" "2013-08-12" "175" "306" "133" "0" "-1.02936125" NA NA NA NA NA NA NA NA NA NA NA "-12.6" "0.9125" "-0.37075" "0.0285"
"TARA_186" "2013-10-31" "79.0699" "74.21475" "2013-08-12" "175" "306" "133" "0" "-1.02936125" NA NA NA NA NA NA NA NA NA NA NA "-9.1075" "-0.435" "-0.230975" "5e-04"
"TARA_186" "2013-11-01" "79.0699" "74.21475" "2013-08-12" "175" "306" "133" "0.00408701747655868" "-1.67018" NA NA NA NA NA NA NA NA NA NA NA "-7.195" "-6.54" "-0.17345" "-0.1456"
"TARA_186" "2013-11-02" "79.0699" "74.21475" "2013-08-12" "175" "306" "133" "0.0424781126528978" "-1.67018" NA NA NA NA NA NA NA NA NA NA NA "-7.6525" "-0.643333333333333" "-0.209625" "-0.0192"
"TARA_186" "2013-11-03" "79.0699" "74.21475" "2013-08-12" "175" "306" "133" "0.137785926957925" "-1.67018" NA NA NA NA NA NA NA NA NA NA NA "8.1925" "0.15" "0.1516" "0.0029"
"TARA_186" "2013-11-04" "79.0699" "74.21475" "2013-08-12" "175" "306" "133" "0.00127952590584755" "-1.67018" NA NA NA NA NA NA NA NA NA NA NA "6.97333333333333" "11.245" "0.22395" "0.3596"
"TARA_186" "2013-11-05" "79.0699" "74.21475" "2013-08-12" "175" "306" "133" "0" "-1.67018" NA NA NA NA NA NA NA NA NA NA NA "-3.23" "1.44" "-0.068" "0.0292"
"TARA_186" "2013-11-06" "79.0699" "74.21475" "2013-08-12" "175" "306" "133" "0" "-1.67018" NA NA NA NA NA NA NA NA NA NA NA "10.1175" "0.995" "0.19985" "0.02135"
"TARA_186" "2013-11-07" "79.0699" "74.21475" "2013-08-12" "175" "306" "133" "0" "-1.67018" NA NA NA NA NA NA NA NA NA NA NA "8.05" "4.245" "0.19265" "0.10115"
"TARA_186" "2013-11-08" "79.0699" "74.21475" "2013-08-12" "175" "306" "133" "0" "-1.67018" NA NA NA NA NA NA NA NA NA NA NA "-0.72" "4.93" "-0.0134" "0.07705"
"TARA_186" "2013-11-09" "79.0699" "74.21475" "2013-08-12" "175" "306" "133" "0" "-1.72664375" NA NA NA NA NA NA NA NA NA NA NA "-6.8" "5.69" "-0.172975" "0.13065"
"TARA_186" "2013-11-10" "79.0699" "74.21475" "2013-08-12" "175" "306" "133" "0" "-1.72664375" NA NA NA NA NA NA NA NA NA NA NA "7.83" "3.145" "0.13355" "0.0482"
"TARA_186" "2013-11-11" "79.0699" "74.21475" "2013-08-12" "175" "306" "133" "0" "-1.72664375" NA NA NA NA NA NA NA NA NA NA NA "7.61" "6.85" "0.138625" "0.1244"
"TARA_186" "2013-11-12" "79.0699" "74.21475" "2013-08-12" "175" "306" "133" "0" "-1.72664375" NA NA NA NA NA NA NA NA NA NA NA "9.805" "8.84" "0.2507" "0.2246"
"TARA_186" "2013-11-13" "79.0699" "74.21475" "2013-08-12" "175" "306" "133" "0" "-1.72664375" NA NA NA NA NA NA NA NA NA NA NA "4.625" "2.585" "0.073525" "0.05095"
"TARA_186" "2013-11-14" "79.0699" "74.21475" "2013-08-12" "175" "306" "133" "0" "-1.72664375" NA NA NA NA NA NA NA NA NA NA NA "-4.46" "3.4375" "-0.09465" "0.0556"
"TARA_186" "2013-11-15" "79.0699" "74.21475" "2013-08-12" "175" "306" "133" "0" "-1.72664375" NA NA NA NA NA NA NA NA NA NA NA "-2.7075" "-1.7425" "-0.036025" "-0.02445"
"TARA_186" "2013-11-16" "79.0699" "74.21475" "2013-08-12" "175" "306" "133" "0" "-1.72664375" NA NA NA NA NA NA NA NA NA NA NA "12.55" "-0.675" "0.337825" "-0.023"
"TARA_186" "2013-11-17" "79.0699" "74.21475" "2013-08-12" "175" "306" "133" "0" "-1.974905" NA NA NA NA NA NA NA NA NA NA NA "10.4375" "-3.735" "0.23525" "-0.08385"
"TARA_186" "2013-11-18" "79.0699" "74.21475" "2013-08-12" "175" "306" "133" "0" "-1.974905" NA NA NA NA NA NA NA NA NA NA NA "-2.87" "-8.1075" "-0.051325" "-0.1392"
"TARA_186" "2013-11-19" "79.0699" "74.21475" "2013-08-12" "175" "306" "133" "0" "-1.974905" NA NA NA NA NA NA NA NA NA NA NA "-2.25" "-5.7375" "-0.0406" "-0.0825"
"TARA_186" "2013-11-20" "79.0699" "74.21475" "2013-08-12" "175" "306" "133" "0.043629438765347" "-1.974905" NA NA NA NA NA NA NA NA NA NA NA "-5.575" "0.495" "-0.110375" "0.01585"
"TARA_186" "2013-11-21" "79.0699" "74.21475" "2013-08-12" "175" "306" "133" "0.0683469220995903" "-1.974905" NA NA NA NA NA NA NA NA NA NA NA "-8.32" "-3.37" "-0.1845" "-0.0872"
"TARA_186" "2013-11-22" "79.0699" "74.21475" "2013-08-12" "175" "306" "133" "0.0649267131586869" "-1.974905" NA NA NA NA NA NA NA NA NA NA NA "-10.375" "0.7925" "-0.250925" "0.02"
"TARA_186" "2013-11-23" "79.0699" "74.21475" "2013-08-12" "175" "306" "133" "0.204407503902912" "-1.974905" NA NA NA NA NA NA NA NA NA NA NA "3.5325" "-2.79" "0.08145" "-0.0671"
"TARA_186" "2013-11-24" "79.0699" "74.21475" "2013-08-12" "175" "306" "133" "0.162271338303884" "-1.974905" NA NA NA NA NA NA NA NA NA NA NA "12.6525" "-6.855" "0.466075" "-0.2502"
"TARA_186" "2013-11-25" "79.0699" "74.21475" "2013-08-12" "175" "306" "133" "0.0679817089810967" NA NA NA NA NA NA NA NA NA NA NA NA "-0.96" "-3.87" "-0.0456" "-0.1344"
"TARA_186" "2013-11-26" "79.0699" "74.21475" "2013-08-12" "175" "306" "133" "0.219023221333822" NA NA NA NA NA NA NA NA NA NA NA NA "-5.30666666666667" "-5.065" "-0.1344" "-0.1295"
"TARA_186" "2013-11-27" "79.0699" "74.21475" "2013-08-12" "175" "306" "133" "0.561340660651525" NA NA NA NA NA NA NA NA NA NA NA NA "-12.91" "1.28" "-0.4246" "0.04125"
"TARA_186" "2013-11-28" "79.0699" "74.21475" "2013-08-12" "175" "306" "133" "0.900117243131002" NA NA NA NA NA NA NA NA NA NA NA NA "-11.24" "2.14" "-0.4372" "0.08365"
"TARA_186" "2013-11-29" "79.0699" "74.21475" "2013-08-12" "175" "306" "133" "0.916369422276815" NA NA NA NA NA NA NA NA NA NA NA NA "-5.09" "5.47" "-0.10325" "0.10795"
"TARA_186" "2013-11-30" "79.0699" "74.21475" "2013-08-12" "175" "306" "133" "0.953124318122864" NA NA NA NA NA NA NA NA NA NA NA NA "-6.82" "2.23" "-0.1722" "0.07125"
"TARA_186" "2013-12-01" "79.0699" "74.21475" "2013-08-12" "175" "306" "133" "0.984421029090881" NA NA NA NA NA NA NA NA NA NA NA NA NA NA NA NA
"TARA_186" "2013-12-02" "79.0699" "74.21475" "2013-08-12" "175" "306" "133" "0.96730366230011" NA NA NA NA NA NA NA NA NA NA NA NA NA NA NA NA
"TARA_186" "2013-12-03" "79.0699" "74.21475" "2013-08-12" "175" "306" "133" "0.917720705668131" NA NA NA NA NA NA NA NA NA NA NA NA NA NA NA NA
"TARA_186" "2013-12-04" "79.0699" "74.21475" "2013-08-12" "175" "306" "133" "0.841725920041402" NA NA NA NA NA NA NA NA NA NA NA NA NA NA NA NA
"TARA_186" "2013-12-05" "79.0699" "74.21475" "2013-08-12" "175" "306" "133" "0.710727570851644" NA NA NA NA NA NA NA NA NA NA NA NA NA NA NA NA
"TARA_186" "2013-12-06" "79.0699" "74.21475" "2013-08-12" "175" "306" "133" "0.740378391742706" NA NA NA NA NA NA NA NA NA NA NA NA NA NA NA NA
"TARA_186" "2013-12-07" "79.0699" "74.21475" "2013-08-12" "175" "306" "133" "0.710997996330261" NA NA NA NA NA NA NA NA NA NA NA NA "10.2" "-1.24" "0.2839" "-0.0132"
"TARA_186" "2013-12-08" "79.0699" "74.21475" "2013-08-12" "175" "306" "133" "0.808916577498118" NA NA NA NA NA NA NA NA NA NA NA NA NA NA NA NA
"TARA_186" "2013-12-09" "79.0699" "74.21475" "2013-08-12" "175" "306" "133" "0.710229516426722" NA NA NA NA NA NA NA NA NA NA NA NA NA NA NA NA
"TARA_186" "2013-12-10" "79.0699" "74.21475" "2013-08-12" "175" "306" "133" "0.620184195041656" NA NA NA NA NA NA NA NA NA NA NA NA NA NA NA NA
"TARA_186" "2013-12-11" "79.0699" "74.21475" "2013-08-12" "175" "306" "133" "0.787731674512227" NA NA NA NA NA NA NA NA NA NA NA NA "4.86333333333333" "-8.78" "0.141766666666667" "-0.2524"
"TARA_186" "2013-12-12" "79.0699" "74.21475" "2013-08-12" "175" "306" "133" "0.899070806503296" NA NA NA NA NA NA NA NA NA NA NA NA "2.97333333333333" "-6.93666666666667" "0.0591" "-0.1369"
"TARA_186" "2013-12-13" "79.0699" "74.21475" "2013-08-12" "175" "306" "133" "0.918864285151164" NA NA NA NA NA NA NA NA NA NA NA NA "-7.07333333333333" "0.563333333333333" "-0.148866666666667" "0.0095"
"TARA_186" "2013-12-14" "79.0699" "74.21475" "2013-08-12" "175" "306" "133" "0.955620433489482" NA NA NA NA NA NA NA NA NA NA NA NA "-4.73" "3.64" "-0.1069" "0.0815"
"TARA_186" "2013-12-15" "79.0699" "74.21475" "2013-08-12" "175" "306" "133" "0.965776041348775" NA NA NA NA NA NA NA NA NA NA NA NA "2.795" "3.55" "0.150066666666667" "0.1935"
"TARA_186" "2013-12-16" "79.0699" "74.21475" "2013-08-12" "175" "306" "133" "0.970749077796936" NA NA NA NA NA NA NA NA NA NA NA NA NA NA NA NA
"TARA_186" "2013-12-17" "79.0699" "74.21475" "2013-08-12" "175" "306" "133" "0.939500985145569" NA NA NA NA NA NA NA NA NA NA NA NA NA NA NA NA
"TARA_186" "2013-12-18" "79.0699" "74.21475" "2013-08-12" "175" "306" "133" "0.850595140457153" NA NA NA NA NA NA NA NA NA NA NA NA NA NA NA NA
"TARA_186" "2013-12-19" "79.0699" "74.21475" "2013-08-12" "175" "306" "133" "0.7321992623806" "-1.769843" NA NA NA NA NA NA NA NA NA NA NA NA NA NA NA
"TARA_186" "2013-12-20" "79.0699" "74.21475" "2013-08-12" "175" "306" "133" "0.61595966498057" "-1.769843" NA NA NA NA NA NA NA NA NA NA NA NA NA NA NA
"TARA_186" "2013-12-21" "79.0699" "74.21475" "2013-08-12" "175" "306" "133" "0.741568320592245" "-1.769843" NA NA NA NA NA NA NA NA NA NA NA NA NA NA NA
"TARA_186" "2013-12-22" "79.0699" "74.21475" "2013-08-12" "175" "306" "133" "0.87144894917806" "-1.769843" NA NA NA NA NA NA NA NA NA NA NA NA NA NA NA
"TARA_186" "2013-12-23" "79.0699" "74.21475" "2013-08-12" "175" "306" "133" "0.940957590738932" "-1.769843" NA NA NA NA NA NA NA NA NA NA NA NA NA NA NA
"TARA_186" "2013-12-24" "79.0699" "74.21475" "2013-08-12" "175" "306" "133" "0.992266605695089" "-1.769843" NA NA NA NA NA NA NA NA NA NA NA "6.50333333333333" "-6.47916666666667" "0.154933333333333" "-0.1532"
"TARA_186" "2013-12-25" "79.0699" "74.21475" "2013-08-12" "175" "306" "133" "0.997311902046204" "-1.769843" NA NA NA NA NA NA NA NA NA NA NA "1.47" "-7.915" "0.024275" "-0.1306"
"TARA_186" "2013-12-26" "79.0699" "74.21475" "2013-08-12" "175" "306" "133" "0.997348483403524" "-1.769843" NA NA NA NA NA NA NA NA NA NA NA "8.4575" "-4.9825" "0.242616666666667" "-0.1415"
"TARA_186" "2013-12-27" "79.0699" "74.21475" "2013-08-12" "175" "306" "133" "0.993931636810303" NA NA NA NA NA NA NA NA NA NA NA NA "2.125" "-8.83333333333333" "0.0505" "-0.2097"
"TARA_186" "2013-12-28" "79.0699" "74.21475" "2013-08-12" "175" "306" "133" "0.998321264584859" NA NA NA NA NA NA NA NA NA NA NA NA NA NA NA NA
"TARA_186" "2013-12-29" "79.0699" "74.21475" "2013-08-12" "175" "306" "133" "0.999483965237935" NA NA NA NA NA NA NA NA NA NA NA NA NA NA NA NA
"TARA_186" "2013-12-30" "79.0699" "74.21475" "2013-08-12" "175" "306" "133" "0.999688186645508" NA NA NA NA NA NA NA NA NA NA NA NA NA NA NA NA
"TARA_186" "2013-12-31" "79.0699" "74.21475" "2013-08-12" "175" "306" "133" "0.995459787050883" NA NA NA NA NA NA NA NA NA NA NA NA NA NA NA NA
